{
    "epoch_1": {
        "train": {
            "content_loss": 3.3010062267040383,
            "style_loss": 3.665985842311439e-06,
            "tv_loss": 9.566838190609956e-08,
            "total_loss": 6.966992074045642
        },
        "val": {
            "psnr": 10.488797085038547,
            "ssim": 0.06914940181364916,
            "gram": 1.3234805547582562e-06,
            "loss": 5.4832560892762805
        }
    },
    "epoch_2": {
        "train": {
            "content_loss": 3.184155104489162,
            "style_loss": 1.7878548306796426e-06,
            "tv_loss": 9.31995623664922e-08,
            "total_loss": 4.972009927034378
        },
        "val": {
            "psnr": 10.693918400797351,
            "ssim": 0.12055235975903683,
            "gram": 1.2207136437619534e-06,
            "loss": 4.820168546561537
        }
    },
    "epoch_3": {
        "train": {
            "content_loss": 3.029815397899726,
            "style_loss": 1.4688272260392641e-06,
            "tv_loss": 9.213575781246689e-08,
            "total_loss": 4.498642627535196
        },
        "val": {
            "psnr": 10.81752887676502,
            "ssim": 0.18577521167502836,
            "gram": 1.1766644252363363e-06,
            "loss": 4.436616985962309
        }
    },
    "epoch_4": {
        "train": {
            "content_loss": 2.741225707119909,
            "style_loss": 1.3722747397572486e-06,
            "tv_loss": 9.233763813335631e-08,
            "total_loss": 4.1135004471088275
        },
        "val": {
            "psnr": 11.036081507288177,
            "ssim": 0.2703939157795033,
            "gram": 1.1014138585082867e-06,
            "loss": 4.028267880965924
        }
    },
    "epoch_5": {
        "train": {
            "content_loss": 2.410835903780214,
            "style_loss": 1.3349432041932545e-06,
            "tv_loss": 9.058942978132846e-08,
            "total_loss": 3.745779107356894
        },
        "val": {
            "psnr": 11.309976207798925,
            "ssim": 0.35599018800361404,
            "gram": 1.092083996230899e-06,
            "loss": 3.7197476368525932
        }
    },
    "epoch_6": {
        "train": {
            "content_loss": 2.2045580164111893,
            "style_loss": 1.2790018499623361e-06,
            "tv_loss": 8.81076637549266e-08,
            "total_loss": 3.4835598756527077
        },
        "val": {
            "psnr": 11.429317449701243,
            "ssim": 0.40232475847005844,
            "gram": 1.089118819590277e-06,
            "loss": 3.512706241730986
        }
    },
    "epoch_7": {
        "train": {
            "content_loss": 2.0443607435144227,
            "style_loss": 1.2443075339445324e-06,
            "tv_loss": 8.723764742008935e-08,
            "total_loss": 3.2886682748794556
        },
        "val": {
            "psnr": 11.546691327259458,
            "ssim": 0.4426041844076124,
            "gram": 1.0411782344487486e-06,
            "loss": 3.352561428629119
        }
    },
    "epoch_8": {
        "train": {
            "content_loss": 1.9184536358405804,
            "style_loss": 1.2121465370138015e-06,
            "tv_loss": 8.719787080896571e-08,
            "total_loss": 3.130600172897865
        },
        "val": {
            "psnr": 11.566992772036585,
            "ssim": 0.4610416007966831,
            "gram": 1.0677436080737736e-06,
            "loss": 3.204132236283401
        }
    },
    "epoch_9": {
        "train": {
            "content_loss": 1.816138690915601,
            "style_loss": 1.1804302773568986e-06,
            "tv_loss": 8.672141980770809e-08,
            "total_loss": 2.996568958820968
        },
        "val": {
            "psnr": 11.503376726446481,
            "ssim": 0.4696862118254448,
            "gram": 1.0537133799680266e-06,
            "loss": 3.0919118801067613
        }
    },
    "epoch_10": {
        "train": {
            "content_loss": 1.72670788600527,
            "style_loss": 1.1562682177241342e-06,
            "tv_loss": 8.650470096560232e-08,
            "total_loss": 2.882976106528578
        },
        "val": {
            "psnr": 11.530985889763668,
            "ssim": 0.48071891107949716,
            "gram": 1.0404531315285127e-06,
            "loss": 3.002399611062017
        }
    },
    "epoch_11": {
        "train": {
            "content_loss": 1.64764730118472,
            "style_loss": 1.1344353306550023e-06,
            "tv_loss": 8.619748485864224e-08,
            "total_loss": 2.7820826280733635
        },
        "val": {
            "psnr": 11.6219145717292,
            "ssim": 0.5066424112381607,
            "gram": 1.0177360650477018e-06,
            "loss": 2.927831176026114
        }
    },
    "epoch_12": {
        "train": {
            "content_loss": 1.5764109153172066,
            "style_loss": 1.1272664084634893e-06,
            "tv_loss": 8.576129118742121e-08,
            "total_loss": 2.7036773279823105
        },
        "val": {
            "psnr": 11.558391677922216,
            "ssim": 0.5158554508254446,
            "gram": 1.0473586919125676e-06,
            "loss": 2.8534107444615198
        }
    }
}