{
    "epoch": [
        1.0,
        2.0,
        3.0,
        4.0,
        5.0,
        6.0
    ],
    "ssim": [
        0.23216526210308075,
        0.3002340495586395,
        0.4130578339099884,
        0.4522460997104645,
        0.4773111641407013,
        0.5212114453315735
    ],
    "psnr": [
        7.471971586237107,
        10.772303717148048,
        15.219489921671336,
        17.328468027448235,
        16.282716839583458,
        18.916012403403265
    ],
    "gram_distance": [
        1480781.275390625,
        1076266.080078125,
        895665.109375,
        794017.84765625,
        821922.021484375,
        763838.892578125
    ],
    "total_loss": [
        8771500769280.0,
        6471463993344.0,
        4432328654848.0,
        1952222412800.0,
        4491642929152.0,
        2158188036096.0
    ]
}