{
    "epochs": [
        1,
        2,
        3,
        4,
        5,
        6,
        7,
        8,
        9,
        10,
        11,
        12
    ],
    "loss": [
        1.3980739116668701,
        0.5328149795532227,
        0.5737961530685425,
        0.7595345377922058,
        0.6534389853477478,
        0.5604355335235596,
        0.47396910190582275,
        0.468808650970459,
        0.6306958198547363,
        0.48879796266555786,
        0.46537190675735474,
        0.4505901634693146
    ],
    "ssim": [
        0.4449908435344696,
        0.5724653005599976,
        0.5526385307312012,
        0.5289753079414368,
        0.5486512780189514,
        0.545016348361969,
        0.5627526640892029,
        0.5727269053459167,
        0.5570948719978333,
        0.5481187701225281,
        0.581181526184082,
        0.5855935215950012
    ],
    "psnr": [
        5.973879547924402,
        9.265751787422738,
        9.24254239850845,
        7.613775103100576,
        8.716211069980414,
        8.382897306032373,
        9.146485505910741,
        9.397696548418153,
        8.874091861704859,
        8.819299731862378,
        9.160557720638609,
        9.600965993937962
    ],
    "gram": [
        2.2106453911874269e-07,
        4.903861849925306e-08,
        5.5584521874152415e-08,
        1.0238645131721569e-07,
        8.593922018462763e-08,
        5.9313499889412924e-08,
        4.719684199017138e-08,
        4.655877461345881e-08,
        7.471318497209722e-08,
        5.308528017167191e-08,
        5.284898563218121e-08,
        4.0602962769753503e-08
    ]
}