{
    "epoch_1": {
        "train": {
            "content_loss": 2.257650663626605,
            "style_loss": 2.7114391793577007e-06,
            "tv_loss": 1.3300475528606526e-07,
            "total_loss": 2.2576535647285394
        },
        "val": {
            "psnr": 12.289350953595392,
            "ssim": 0.42444015255775946,
            "gram": 8.466213766519888e-06,
            "loss": 1.5995636238106365
        }
    },
    "epoch_2": {
        "train": {
            "content_loss": 1.2289027679583122,
            "style_loss": 1.484820227292089e-06,
            "tv_loss": 1.0548115340567627e-07,
            "total_loss": 1.2289043739438057
        },
        "val": {
            "psnr": 14.707635928844583,
            "ssim": 0.7144313714113729,
            "gram": 5.2499007332353984e-06,
            "loss": 1.0487301000233353
        }
    },
    "epoch_3": {
        "train": {
            "content_loss": 0.8761495988944481,
            "style_loss": 1.5984564275731042e-06,
            "tv_loss": 9.519810729757253e-08,
            "total_loss": 0.8761513045635717
        },
        "val": {
            "psnr": 15.380369663238525,
            "ssim": 0.7566016329259708,
            "gram": 4.011392888969567e-06,
            "loss": 0.8371481147819552
        }
    },
    "epoch_4": {
        "train": {
            "content_loss": 0.703411776187091,
            "style_loss": 1.7269287383704789e-06,
            "tv_loss": 9.136105634473975e-08,
            "total_loss": 0.7034136027354618
        },
        "val": {
            "psnr": 16.1614081695162,
            "ssim": 0.7984184843712839,
            "gram": 3.5180548840391317e-06,
            "loss": 0.6940936417929058
        }
    },
    "epoch_5": {
        "train": {
            "content_loss": 0.5969258454339258,
            "style_loss": 1.830598005257939e-06,
            "tv_loss": 8.889659825120259e-08,
            "total_loss": 0.5969277697390524
        },
        "val": {
            "psnr": 16.43714056343868,
            "ssim": 0.8148425360178125,
            "gram": 3.038851305887122e-06,
            "loss": 0.606169516284918
        }
    },
    "epoch_6": {
        "train": {
            "content_loss": 0.5206353498687004,
            "style_loss": 1.9273897734216196e-06,
            "tv_loss": 8.785062283764013e-08,
            "total_loss": 0.5206373671776262
        },
        "val": {
            "psnr": 16.625610039151947,
            "ssim": 0.8201629231716024,
            "gram": 2.8191808614165297e-06,
            "loss": 0.5463192694146057
        }
    },
    "epoch_7": {
        "train": {
            "content_loss": 0.46294047734860716,
            "style_loss": 1.9882171196466764e-06,
            "tv_loss": 8.648417139522146e-08,
            "total_loss": 0.46294255374834453
        },
        "val": {
            "psnr": 17.128686814472594,
            "ssim": 0.8419672240471018,
            "gram": 2.4258108452543106e-06,
            "loss": 0.4890851703440321
        }
    },
    "epoch_8": {
        "train": {
            "content_loss": 0.41836932108833874,
            "style_loss": 2.0625071102656498e-06,
            "tv_loss": 8.543331611503327e-08,
            "total_loss": 0.41837147282886095
        },
        "val": {
            "psnr": 17.279559447847564,
            "ssim": 0.8479683779436966,
            "gram": 2.3381230318301307e-06,
            "loss": 0.44904405302528677
        }
    },
    "epoch_9": {
        "train": {
            "content_loss": 0.3801482058419236,
            "style_loss": 2.1194964750944126e-06,
            "tv_loss": 8.416187544580994e-08,
            "total_loss": 0.3801504125625923
        },
        "val": {
            "psnr": 17.306655587821172,
            "ssim": 0.8470140926796814,
            "gram": 2.311010775237076e-06,
            "loss": 0.42399427063506223
        }
    },
    "epoch_10": {
        "train": {
            "content_loss": 0.35241248921073715,
            "style_loss": 2.1638220496615287e-06,
            "tv_loss": 8.347591849939292e-08,
            "total_loss": 0.3524147401210563
        },
        "val": {
            "psnr": 17.635264380224818,
            "ssim": 0.8560912840325257,
            "gram": 2.186976982100391e-06,
            "loss": 0.38888329961176576
        }
    },
    "epoch_11": {
        "train": {
            "content_loss": 0.32547328389924146,
            "style_loss": 2.2066784007118507e-06,
            "tv_loss": 8.269440378438142e-08,
            "total_loss": 0.32547557546660816
        },
        "val": {
            "psnr": 17.584600391059087,
            "ssim": 0.8531904585402588,
            "gram": 1.9248524822781463e-06,
            "loss": 0.3702123912757841
        }
    },
    "epoch_12": {
        "train": {
            "content_loss": 0.30416044804813536,
            "style_loss": 2.253771234191406e-06,
            "tv_loss": 8.165911747559269e-08,
            "total_loss": 0.3041627865670056
        },
        "val": {
            "psnr": 17.891474082552154,
            "ssim": 0.8641738768281608,
            "gram": 1.8352738596283008e-06,
            "loss": 0.3441357796305212
        }
    }
}