{
    "epoch_1": {
        "train": {
            "content_loss": 1.9708320354593212,
            "style_loss": 1.7580592089549602e-06,
            "tv_loss": 4.841687579595432e-08,
            "total_loss": 1.9708338025315055
        },
        "val": {
            "psnr": 15.165078048048349,
            "ssim": 0.7654746048923197,
            "gram": 5.94506361467054e-06,
            "loss": 1.3704719350769603
        }
    },
    "epoch_2": {
        "train": {
            "content_loss": 1.1318114800699826,
            "style_loss": 1.557457228931651e-06,
            "tv_loss": 5.388390702214682e-08,
            "total_loss": 1.1318130760357297
        },
        "val": {
            "psnr": 15.96122409557474,
            "ssim": 0.8112723241592276,
            "gram": 4.534989789488401e-06,
            "loss": 1.0199557211378525
        }
    },
    "epoch_3": {
        "train": {
            "content_loss": 0.887583379087777,
            "style_loss": 1.6480405042490678e-06,
            "tv_loss": 5.531927850665264e-08,
            "total_loss": 0.8875850886106491
        },
        "val": {
            "psnr": 16.15290796345678,
            "ssim": 0.8145734590703043,
            "gram": 4.037070769021707e-06,
            "loss": 0.8826159670435149
        }
    },
    "epoch_4": {
        "train": {
            "content_loss": 0.759570835222458,
            "style_loss": 1.7330048274582874e-06,
            "tv_loss": 5.607281325849017e-08,
            "total_loss": 0.7595726317115898
        },
        "val": {
            "psnr": 16.758533239364624,
            "ssim": 0.8376882271520023,
            "gram": 3.279350368574859e-06,
            "loss": 0.7762346062166937
        }
    },
    "epoch_5": {
        "train": {
            "content_loss": 0.6757699346234058,
            "style_loss": 1.817403541008781e-06,
            "tv_loss": 5.6714981094638335e-08,
            "total_loss": 0.6757718131973826
        },
        "val": {
            "psnr": 16.727492899730287,
            "ssim": 0.8350004995691365,
            "gram": 3.1122733989361913e-06,
            "loss": 0.728019253447138
        }
    },
    "epoch_6": {
        "train": {
            "content_loss": 0.6122078985489648,
            "style_loss": 1.8889560819431984e-06,
            "tv_loss": 5.710525264917535e-08,
            "total_loss": 0.6122098466188743
        },
        "val": {
            "psnr": 17.111206720615254,
            "ssim": 0.8450838044799608,
            "gram": 2.7663072725070786e-06,
            "loss": 0.6715138122953218
        }
    },
    "epoch_7": {
        "train": {
            "content_loss": 0.5633577608085912,
            "style_loss": 1.9632204371603243e-06,
            "tv_loss": 5.769668833121367e-08,
            "total_loss": 0.5633597850542644
        },
        "val": {
            "psnr": 17.06560677495496,
            "ssim": 0.8487926654774567,
            "gram": 2.50967455442684e-06,
            "loss": 0.6315497856201797
        }
    },
    "epoch_8": {
        "train": {
            "content_loss": 0.5175840149408785,
            "style_loss": 2.027004726826441e-06,
            "tv_loss": 5.8056716874590155e-08,
            "total_loss": 0.5175861006538416
        },
        "val": {
            "psnr": 17.226012229919434,
            "ssim": 0.8516576654952148,
            "gram": 2.3594056456929516e-06,
            "loss": 0.5956314292190403
        }
    },
    "epoch_9": {
        "train": {
            "content_loss": 0.48273515804060574,
            "style_loss": 2.0903472424269522e-06,
            "tv_loss": 5.852126519777091e-08,
            "total_loss": 0.4827373072761914
        },
        "val": {
            "psnr": 17.438955076809588,
            "ssim": 0.8615317149408932,
            "gram": 2.2559515813739003e-06,
            "loss": 0.5636468230393427
        }
    },
    "epoch_10": {
        "train": {
            "content_loss": 0.44751353221463747,
            "style_loss": 2.133504122917688e-06,
            "tv_loss": 5.879863540120458e-08,
            "total_loss": 0.4475157253187278
        },
        "val": {
            "psnr": 17.522250430337316,
            "ssim": 0.860821662791844,
            "gram": 2.1150655757994314e-06,
            "loss": 0.529371879866411
        }
    },
    "epoch_11": {
        "train": {
            "content_loss": 0.4174929518124153,
            "style_loss": 2.180220932281184e-06,
            "tv_loss": 5.905842371467135e-08,
            "total_loss": 0.41749519006959324
        },
        "val": {
            "psnr": 17.478756789503425,
            "ssim": 0.8595523022372147,
            "gram": 2.1091960712541987e-06,
            "loss": 0.5105661902705143
        }
    },
    "epoch_12": {
        "train": {
            "content_loss": 0.3908190630247881,
            "style_loss": 2.222534040823058e-06,
            "tv_loss": 5.925716319165398e-08,
            "total_loss": 0.39082134560007475
        },
        "val": {
            "psnr": 17.34047273109699,
            "ssim": 0.8542133389875807,
            "gram": 1.925663156656348e-06,
            "loss": 0.5009454973042011
        }
    }
}