{
    "epoch_1": {
        "train": {
            "content_loss": 3.1639750455987863,
            "style_loss": 2.1100761975096e-06,
            "tv_loss": 3.031307740451978e-08,
            "total_loss": 5.274051238750589
        },
        "val": {
            "psnr": 9.735622562211136,
            "ssim": -0.1654228089590043,
            "gram": 8.9290461842446e-06,
            "loss": 4.405205171683739
        }
    },
    "epoch_2": {
        "train": {
            "content_loss": 2.7725106261927506,
            "style_loss": 1.2600938424807752e-06,
            "tv_loss": 3.377369785372631e-08,
            "total_loss": 4.032604464169206
        },
        "val": {
            "psnr": 9.855756167707773,
            "ssim": -0.14728755909113558,
            "gram": 8.677869270309986e-06,
            "loss": 3.9533762705737145
        }
    },
    "epoch_3": {
        "train": {
            "content_loss": 2.557948116598458,
            "style_loss": 1.1293051420285996e-06,
            "tv_loss": 3.5634305713080233e-08,
            "total_loss": 3.687253265545286
        },
        "val": {
            "psnr": 9.965604309378,
            "ssim": -0.12144803220068971,
            "gram": 8.629283099943332e-06,
            "loss": 3.7174611276593703
        }
    },
    "epoch_4": {
        "train": {
            "content_loss": 2.4206154711287597,
            "style_loss": 1.0484890572311557e-06,
            "tv_loss": 3.6833900037338243e-08,
            "total_loss": 3.469104522261126
        },
        "val": {
            "psnr": 9.951441337322366,
            "ssim": -0.1257521674791672,
            "gram": 8.33573873858862e-06,
            "loss": 3.557991954787024
        }
    },
    "epoch_5": {
        "train": {
            "content_loss": 2.323204766059744,
            "style_loss": 9.911709500051042e-07,
            "tv_loss": 3.761848974854612e-08,
            "total_loss": 3.3143757263134264
        },
        "val": {
            "psnr": 9.940501702242884,
            "ssim": -0.1297949686554132,
            "gram": 8.173939570379562e-06,
            "loss": 3.436480555041083
        }
    },
    "epoch_6": {
        "train": {
            "content_loss": 2.246858680042727,
            "style_loss": 9.503874378361647e-07,
            "tv_loss": 3.8140060473852666e-08,
            "total_loss": 3.197246117838498
        },
        "val": {
            "psnr": 9.97227904714387,
            "ssim": -0.1086242414523189,
            "gram": 8.168427358206263e-06,
            "loss": 3.3353392368760604
        }
    },
    "epoch_7": {
        "train": {
            "content_loss": 2.1855666637420654,
            "style_loss": 9.182316849558385e-07,
            "tv_loss": 3.863784385158859e-08,
            "total_loss": 3.103798348328163
        },
        "val": {
            "psnr": 9.874509527765472,
            "ssim": -0.1269398085566442,
            "gram": 7.972296125327094e-06,
            "loss": 3.277227445923049
        }
    },
    "epoch_8": {
        "train": {
            "content_loss": 2.1315234365134406,
            "style_loss": 8.914703291577945e-07,
            "tv_loss": 3.9020344044027706e-08,
            "total_loss": 3.0229937578069754
        },
        "val": {
            "psnr": 9.895445133077688,
            "ssim": -0.11335241209539602,
            "gram": 8.152855166333117e-06,
            "loss": 3.220843366507826
        }
    },
    "epoch_9": {
        "train": {
            "content_loss": 2.0798864940117143,
            "style_loss": 8.742639115337562e-07,
            "tv_loss": 3.939722070417564e-08,
            "total_loss": 2.9541504085063934
        },
        "val": {
            "psnr": 9.939650025861017,
            "ssim": -0.09604303030774362,
            "gram": 8.049679653877634e-06,
            "loss": 3.1638155034903823
        }
    },
    "epoch_10": {
        "train": {
            "content_loss": 2.041144015460179,
            "style_loss": 8.541508779656177e-07,
            "tv_loss": 3.972855010487294e-08,
            "total_loss": 2.8952948882662017
        },
        "val": {
            "psnr": 9.885873482145112,
            "ssim": -0.09709989148020746,
            "gram": 7.965119412402005e-06,
            "loss": 3.1202148918447823
        }
    },
    "epoch_11": {
        "train": {
            "content_loss": 1.9983512281343854,
            "style_loss": 8.429206581464032e-07,
            "tv_loss": 4.005293998381607e-08,
            "total_loss": 2.8412718927038125
        },
        "val": {
            "psnr": 9.964323870066938,
            "ssim": -0.06577114136448002,
            "gram": 7.939669553354242e-06,
            "loss": 3.0854344984580733
        }
    },
    "epoch_12": {
        "train": {
            "content_loss": 1.9618883086689587,
            "style_loss": 8.286126185809955e-07,
            "tv_loss": 4.048223422381919e-08,
            "total_loss": 2.790500929643368
        },
        "val": {
            "psnr": 10.015225344690784,
            "ssim": -0.05950248461660271,
            "gram": 7.85713542791984e-06,
            "loss": 3.056342828890373
        }
    }
}